,id,value
0,all.degree4.peel5.pagerank2.diversity3,1.198849313
1,all.degree3.peel5.pagerank2.diversity4.betweenness3,1.039720771
2,all.degree4.peel2.pagerank3.diversity3.betweenness5,1.464816385
3,all.degree4.peel3.pagerank4.diversity5.betweenness5,1.801892401
6,all.degree5.peel3.pagerank4.diversity3.betweenness4,1.751052605
7,all.degree3.peel4.pagerank4.diversity5.betweenness3,1.386294361
8,all.degree4.peel2.pagerank6.diversity3,1.748970751
10,all.degree4.peel5.pagerank5,1.70407034
11,all.degree3.peel3,1.039720771
12,all.degree4.peel4.pagerank3.diversity2.betweenness3,0.940447989
13,all.degree3.peel4.pagerank4.diversity3.betweenness6,1.039720771
14,all.degree3.peel4.pagerank3.diversity2.betweenness3,0.636514168
15,all.degree3.peel4.pagerank3.diversity5.betweenness3,1.386294361
17,all.degree3.peel6.pagerank3.diversity4.betweenness3,1.351783994
18,all.degree3.peel5.pagerank4.diversity4.betweenness3,1.33217904
19,all.degree3.peel3.pagerank3.diversity4.betweenness3,0.693147181
20,all.degree3.peel3.pagerank4.diversity5.betweenness4,1.098612289
21,all.degree4.peel2.pagerank4.diversity3,0.900256051
22,all.degree4.peel4.pagerank4.diversity4.betweenness5,1.487816716
23,all.degree3.peel5.pagerank3.diversity4.betweenness3,1.33217904
24,all.degree3.peel2.pagerank5.diversity5.betweenness2.betweenness3,0.693147181
25,all.degree3.peel4.pagerank3.diversity4.betweenness3,1.098612289
26,all.degree3.peel4.pagerank4.diversity4.betweenness3,1.098612289
27,all.degree3.peel3.pagerank4.diversity4.betweenness3,0.693147181
28,all.degree3.peel4.pagerank3.diversity4.betweenness3,1.098612289
29,all.degree5.peel4.pagerank2.diversity3,1.344257669
30,all.degree3.peel3.pagerank3.diversity4.betweenness3,0.693147181
31,all.degree3.peel3.pagerank5.diversity4.betweenness4,1.098612289
32,all.degree3.peel5.pagerank4.diversity3.betweenness3,0.950270539
33,all.degree4.peel3.pagerank3.diversity4.betweenness4,1.735126457
34,all.degree3.peel5.pagerank5.diversity3.betweenness4,0.79631164
35,all.degree3.peel5.pagerank4.diversity2.betweenness3,0.562335145
37,all.degree4.peel3.pagerank4.diversity3.betweenness2,1.522955068
38,all.degree5.peel2,2.029682547
39,all.degree3.peel5.pagerank5.diversity2.betweenness3,0.450561209
40,all.degree3.peel5.pagerank4.diversity5.betweenness4,1.609437912
42,all.degree3.peel4.pagerank3.diversity4.betweenness3,1.098612289
44,all.degree4.peel3.pagerank3.diversity3.betweenness3,1.213007566
46,all.degree3.peel4.pagerank6.diversity4.betweenness5,1.609437912
48,all,2.332991632
49,all.degree4.peel3.pagerank3.diversity4.betweenness5,1.522955068
50,all.degree5.peel1.pagerank3,1.809598882
52,all.degree4.peel4.pagerank2.diversity5.betweenness4,1.522955068
53,all.degree4.peel3.pagerank4.diversity5.betweenness3,1.83437197
56,all.degree3.peel5.pagerank3.diversity2.betweenness3,0.562335145
58,all.degree3.peel3.pagerank5.diversity4.betweenness4,1.098612289
59,all.degree3.peel4.pagerank3.diversity4.betweenness3,1.098612289
60,all.degree4.peel3.pagerank5.diversity1,1.118968867
61,all.degree4.peel5.pagerank2.diversity4,1.541976433
62,all.degree3.peel3.pagerank3.diversity4.betweenness3,0.693147181
63,all.degree3.peel5.pagerank4.diversity4.betweenness3,1.329661349
64,all.degree6.peel4.pagerank4.diversity4,2.153082
67,all.degree3.peel5.pagerank2.diversity3.betweenness3,0.500402424
68,all.degree3.peel5.pagerank3.diversity2.betweenness3,0.693147181
70,all.degree4.peel4.pagerank4.diversity4.betweenness2,1.410513557
71,all.degree3.peel3.pagerank3.diversity4.betweenness3,0.693147181
72,all.degree4.peel3.pagerank3.diversity4.betweenness4,1.676987774
73,all.degree3.peel5.pagerank3.diversity2.betweenness6,0.500402424
74,all.degree3.peel5.pagerank3.diversity4.betweenness3,1.386294361
75,all.degree3.peel3.pagerank3.diversity4.betweenness3,0.693147181
76,all.degree3.peel4.pagerank4.diversity3.betweenness3,1.039720771
77,all.degree4.peel4.pagerank3.diversity4.betweenness5,1.593424237
78,all.degree4.peel5.pagerank4.diversity2,1.351039416
80,all.degree3.peel3.pagerank3.diversity4.betweenness3,0.693147181
81,all.degree3.peel5.pagerank4.diversity3.betweenness3,1.054920168
84,all.degree3.peel5.pagerank2.diversity5.betweenness5,1.386294361
85,all.degree3.peel5.pagerank3.diversity5.betweenness5,1.609437912
87,all.degree4.peel5.pagerank3.diversity3,1.536722469
88,all.degree4.peel4.pagerank4.diversity4.betweenness3,1.428055769
89,all,2.160724355
90,all.degree3.peel2.pagerank5.diversity5.betweenness2.betweenness3,0.693147181
91,all.degree4.peel3.pagerank3.diversity3.betweenness3,1.213007566
92,all.degree3.peel3.pagerank4.diversity4.betweenness3,0.636514168
93,all.degree3.peel3.pagerank3.diversity4.betweenness3,0.693147181
95,all.degree6.peel4.pagerank5.diversity4,2.208504507
96,all.degree5.peel4.pagerank4.diversity4.betweenness3,2.033458636
97,all.degree3.peel4.pagerank3.diversity2.betweenness3,0.636514168
98,all.degree3.peel3.pagerank4.diversity4.betweenness3,0.693147181
99,all.degree3.peel4.pagerank5.diversity4.betweenness5,1.33217904
100,all.degree3.peel3.pagerank3.diversity4.betweenness3,0.693147181
101,all.degree4.peel5.pagerank4.diversity4.betweenness3,1.986266518
103,all.degree3.peel3.pagerank3.diversity4.betweenness3,0.693147181
105,all.degree3.peel5.pagerank4.diversity3.betweenness5,0.950270539
106,all.degree3.peel5.pagerank3.diversity4.betweenness3,1.386294361
110,all,2.317345932
111,all.degree3.peel4.pagerank3.diversity2.betweenness3,0.636514168
112,all.degree3.peel3.pagerank4.diversity4.betweenness3,0.693147181
114,all.degree3.peel5.pagerank3.diversity3.betweenness3,1.039720771
115,all,2.401216936
117,all.degree3.peel3.pagerank3.diversity4.betweenness3,0.693147181
118,all.degree3.peel4.pagerank3.diversity2.betweenness3,0.636514168
119,all.degree3.peel5.pagerank4.diversity4.betweenness3,1.277034259
120,all.degree3.peel4.pagerank3.diversity4.betweenness3,1.098612289
121,all.degree4.peel6.pagerank2,0.898137003
123,all.degree3.peel4.pagerank3.diversity2.betweenness3,0.636514168
124,all.degree3.peel3.pagerank3.diversity4.betweenness3,0.693147181
125,all.degree3.peel3.pagerank4.diversity5.betweenness5,1.098612289
127,all.degree3.peel5.pagerank3.diversity4.betweenness4,1.33217904
128,all.degree3.peel4.pagerank3.diversity2.betweenness3,0.636514168
130,all.degree3.peel6.pagerank6,1.475076311
131,all.degree3.peel5.pagerank3.diversity3.betweenness3,1.039720771
132,all.degree3.peel5.pagerank2.diversity3.betweenness3,0.562335145
133,all.degree3.peel5.pagerank3.diversity3.betweenness6,1.011404265
135,all.degree3.peel3.pagerank5.diversity4.betweenness4,1.098612289
138,all.degree3.peel6.pagerank3.diversity3,1.153741943
139,all.degree4.peel4.pagerank3.diversity2.betweenness5,0.940447989
140,all.degree4.peel4.pagerank5.diversity4.betweenness4,1.522699926
141,all.degree3.peel3.pagerank6.diversity2.betweenness3,0.636514168
142,all.degree4.peel3.pagerank3.diversity3.betweenness3,1.464816385
144,all.degree3.peel2,0.636514168
145,all.degree4.peel4.pagerank5.diversity4.betweenness4,1.48322096
146,all.degree3.peel4.pagerank3.diversity2.betweenness3,0.636514168
147,all.degree3.peel3.pagerank3.diversity4.betweenness3,0.693147181
148,all,2.181770082
150,all.degree3.peel3.pagerank3.diversity4,0.693147181
151,all.degree3.peel5.pagerank3.diversity3,1.054920168
152,all.degree3.peel4.pagerank3.diversity4.betweenness3,1.098612289
153,all.degree3.peel6.pagerank4.diversity4.betweenness3,1.242453325
154,all.degree3.peel5.pagerank4.diversity4.betweenness3,1.33217904
156,all.degree3.peel3.pagerank4.diversity4.betweenness5,0.636514168
157,all.degree3.peel5.pagerank4.diversity4.betweenness5,1.242453325
158,all.degree3.peel3.pagerank3.diversity4.betweenness3,0.693147181
159,all.degree3.peel4.pagerank3.diversity4.betweenness3,1.098612289
160,all.degree6.peel2.pagerank3.diversity4,2.120173779
161,all.degree3.peel3.pagerank3.diversity4.betweenness3,0.693147181
163,all.degree4.peel4.pagerank2.diversity2.betweenness2,0.683738906
166,all.degree3.peel4.pagerank4.diversity3.betweenness3,1.039720771
167,all.degree3.peel5.pagerank4.diversity5.betweenness3,1.560710409
168,all.degree3.peel5.pagerank4.diversity3.betweenness5,0.950270539
169,all.degree3.peel3.pagerank3.diversity4.betweenness3,0.693147181
170,all.degree3.peel2.pagerank5.diversity5.betweenness2.betweenness3,0.693147181
174,all.degree4.peel3.pagerank3.diversity3.betweenness3,1.386294361
175,all.degree3.peel5.pagerank3.diversity5.betweenness3,1.549826046
177,all.degree4.peel3.pagerank3.diversity1,0.848685558
178,all.degree5.peel3.pagerank3.diversity4,2.045576462
179,all.degree3.peel5.pagerank3.diversity5.betweenness3,1.791759469
180,all.degree3.peel6.pagerank4.diversity2,0.450561209
182,all.degree3.peel3.pagerank3.diversity4.betweenness3,0.693147181
183,all.degree5.peel3.pagerank4.diversity3.betweenness3,1.706770659
185,all.degree4.peel6.pagerank3.diversity4.betweenness3,0.898137003
186,all.degree3.peel4.pagerank3.diversity2.betweenness3,0.636514168
187,all.degree4.peel3.pagerank3.diversity2.betweenness5,1.073542846
188,all.degree3.peel4.pagerank4.diversity3.betweenness3,1.039720771
189,all,2.290519575
190,all.degree5.peel3.pagerank2.diversity3,1.33999644
191,all.degree5.peel4.pagerank4.diversity4.betweenness3,2.0252303
192,all.degree3.peel5.pagerank4.diversity4.betweenness4,1.329661349
193,all.degree3.peel5.pagerank3.diversity4.betweenness3,1.386294361
195,all.degree3.peel4.pagerank3.diversity2.betweenness3,0.636514168
196,all.degree3.peel2.pagerank6.diversity4.betweenness2.betweenness3,0.693147181
197,all.degree4.peel3.pagerank3.diversity3.betweenness5,1.303092404
198,all.degree3.peel5.pagerank4.diversity3.betweenness3,0.950270539
199,all.degree3.peel6.pagerank2.diversity3.betweenness4,1.329661349
200,all.degree4.peel4.pagerank2.diversity3.betweenness3,0.848685558
202,all.degree3.peel5.pagerank3.diversity5.betweenness3,1.609437912
203,all.degree3.peel4.pagerank3.diversity2.betweenness3,0.636514168
204,all.degree4.peel2.pagerank3.diversity4.betweenness3,1.559581156
206,all.degree3.peel4.pagerank3.diversity4.betweenness3,1.098612289
209,all.degree3.peel4.pagerank3.diversity4.betweenness3,1.098612289
210,all.degree4.peel2.pagerank6.diversity4,1.804371619
213,all.degree3.peel4.pagerank4.diversity3.betweenness3,1.039720771
215,all.degree3.peel2.pagerank6.diversity4.betweenness2.betweenness3,0.693147181
217,all.degree3.peel3.pagerank3.diversity4.betweenness3,0.693147181
218,all.degree3.peel3.pagerank4.diversity4,0.636514168
221,all.degree3.peel3.pagerank3.diversity4.betweenness3,0.693147181
222,all.degree3.peel3.pagerank3.diversity4.betweenness3,0.693147181
223,all.degree3.peel5.pagerank4.diversity5.betweenness2,1.560710409
224,all.degree4.peel3.pagerank2.diversity4.betweenness4,1.320888343
226,all.degree3.peel3.pagerank6.diversity2.betweenness4,0.636514168
227,all.degree4.peel2.pagerank3.diversity3.betweenness3,1.427061043
228,all.degree3.peel2,0.693147181
229,all.degree3.peel6.pagerank4.diversity3.betweenness4,0.79631164
231,all.degree3.peel3.pagerank3.diversity4.betweenness3,0.693147181
232,all.degree3.peel4.pagerank3.diversity2.betweenness3,0.636514168
236,all.degree3.peel3.pagerank3.diversity4.betweenness3,0.693147181
237,all.degree5.peel3.pagerank3.diversity3,2.029682547
238,all.degree3.peel4.pagerank3.diversity2.betweenness3,0.636514168
240,all.degree3.peel5.pagerank3.diversity3.betweenness3,1.054920168
242,all.degree4.peel2.pagerank3.diversity4.betweenness5,1.494175138
243,all.degree3.peel2.pagerank5.diversity5.betweenness2.betweenness3,0.693147181
244,all.degree4.peel2.pagerank4.diversity4,1.303092404
245,all.degree3.peel3.pagerank3.diversity4.betweenness3,0.693147181
246,all.degree4.peel4.pagerank5.diversity3.betweenness5,1.351783994
247,all.degree3.peel5.pagerank3.diversity2.betweenness5,0.500402424
249,all.degree3.peel5.pagerank3.diversity5.betweenness5,1.549826046
250,all.degree3.peel5.pagerank4.diversity2.betweenness3,0.562335145
253,all.degree3.peel3.pagerank3.diversity4.betweenness3,0.693147181
256,all.degree3.peel4.pagerank3.diversity4.betweenness4,1.098612289
257,all.degree3.peel6.pagerank3.diversity4.betweenness3,1.277034259
258,all.degree6.peel4.pagerank2,1.662755842
259,all.degree4.peel4.pagerank5.diversity3.betweenness3,1.337860678
260,all.degree3.peel5.pagerank3.diversity3.betweenness3,1.039720771
261,all.degree4.peel4.pagerank2.diversity2.betweenness4,0.73562194
263,all.degree3.peel4.pagerank3.diversity4.betweenness3,1.098612289
264,all.degree3.peel4.pagerank5.diversity3.betweenness5,1.039720771
266,all.degree3.peel5.pagerank3.diversity4.betweenness3,1.242453325
267,all.degree3.peel4.pagerank3.diversity2.betweenness3,0.636514168
268,all.degree3.peel3.pagerank3.diversity4.betweenness3,0.693147181
270,all.degree3.peel3.pagerank4.diversity4.betweenness3,0.693147181
271,all.degree3.peel3.pagerank4.diversity4.betweenness3,0.693147181
272,all.degree4.peel5.pagerank3.diversity4.betweenness3,1.923068868
273,all.degree3.peel3.pagerank4.diversity4.betweenness3,0.693147181
274,all.degree3.peel4.pagerank6.diversity2,0.867563228
275,all.degree3.peel5.pagerank4.diversity4.betweenness3,1.329661349
277,all.degree3.peel4.pagerank3.diversity2.betweenness3,0.636514168
279,all.degree4.peel2.pagerank3.diversity3.betweenness3,1.386294361
280,all.degree4.peel3.pagerank4.diversity4.betweenness3,1.641734712
282,all.degree3.peel5.pagerank4.diversity4.betweenness3,1.329661349
285,all.degree4.peel2.pagerank3.diversity4.betweenness3,1.641734712
287,all.degree4.peel3.pagerank2.diversity5,1.386294361
288,all.degree3.peel3.pagerank3.diversity4.betweenness3,0.693147181
290,all.degree3.peel4.pagerank3.diversity4.betweenness4,1.098612289
291,all.degree3.peel4.pagerank3.diversity2.betweenness3,0.636514168
292,all.degree3.peel3.pagerank5.diversity3.betweenness3,0.636514168
293,all.degree4.peel3.pagerank3.diversity4.betweenness3,1.798652206
295,all.degree4.peel4.pagerank2.diversity4.betweenness3,1.214889654
296,all.degree3.peel3.pagerank3.diversity4.betweenness3,0.693147181
297,all.degree3.peel4.pagerank3.diversity5.betweenness5,1.386294361
298,all.degree3.peel5.pagerank3.diversity3.betweenness3,1.039720771
299,all.degree3.peel3.pagerank3.diversity4.betweenness3,0.693147181
302,all.degree4.peel3.pagerank3.diversity5.betweenness3,1.906154747
303,all.degree5.peel3.pagerank4.diversity4.betweenness3,1.857200791
304,all.degree4.peel4.pagerank2.diversity4.betweenness5,1.120950393
306,all.degree4.peel4.pagerank6,1.641734712
307,all.degree3.peel4.pagerank4.diversity5.betweenness3,1.386294361
308,all.degree3.peel4.pagerank3.diversity4.betweenness3,1.098612289
309,all.degree3.peel2.pagerank6.diversity4.betweenness2.betweenness3,0.693147181
311,all.degree3.peel3.pagerank5.diversity4.betweenness2,1.039720771
313,all.degree4.peel3.pagerank3.diversity4.betweenness3,1.609437912
314,all.degree4.peel3.pagerank5.diversity5,2.019814992
315,all.degree3.peel5.pagerank3.diversity3.betweenness4,1.039720771
316,all.degree3.peel4.pagerank4.diversity3.betweenness4,1.039720771
317,all.degree3.peel3.pagerank3.diversity4.betweenness3,0.693147181
321,all.degree3.peel6.pagerank2.diversity3.betweenness3,1.242453325
323,all.degree3.peel3.pagerank3.diversity4.betweenness3,0.693147181
324,all.degree3.peel6.pagerank4.diversity4.betweenness5,1.153741943
325,all.degree3.peel3.pagerank5.diversity3.betweenness3,0.693147181
326,all.degree4.peel4.pagerank4.diversity4.betweenness4,1.424129917
327,all.degree5.peel4.pagerank3.diversity3.betweenness3,1.116485597
329,all.degree4.peel4.pagerank5.diversity2,0.720124881
330,all.degree4.peel4.pagerank2.diversity5.betweenness2,1.427061043
332,all.degree3.peel4.pagerank4.diversity4.betweenness3,1.33217904
336,all,2.398059966
337,all.degree3.peel5.pagerank3.diversity4.betweenness4,1.33217904
338,all.degree5.peel4.pagerank3.diversity3.betweenness5,1.274586732
339,all.degree3.peel5.pagerank4.diversity4.betweenness3,1.329661349
341,all.degree3.peel5.pagerank4.diversity5.betweenness4,1.609437912
342,all.degree4.peel3.pagerank3.diversity2.betweenness3,1.073542846
343,all.degree3.peel4.pagerank3.diversity4.betweenness3,1.098612289
344,all.degree3.peel4.pagerank3.diversity4.betweenness4,1.098612289
345,all.degree5.peel3.pagerank5,1.925892175
348,all.degree4.peel4.pagerank3.diversity4.betweenness3,1.778233306
349,all.degree3.peel5.pagerank4.diversity4.betweenness4,1.33217904
350,all.degree4.peel4.pagerank4.diversity2,0.721463687
351,all.degree4.peel4.pagerank4.diversity3.betweenness3,1.234267866
353,all.degree3.peel5.pagerank3.diversity5.betweenness3,1.609437912
354,all,2.108929177
355,all.degree4.peel4.pagerank5.diversity3.betweenness3,1.088899975
356,all.degree3.peel3.pagerank3.diversity4.betweenness3,0.693147181
357,all.degree4.peel6.pagerank5,1.203332041
358,all.degree4.peel3.pagerank5.diversity4.betweenness5,1.78680834
360,all,2.277964323
361,all.degree4.peel4.pagerank3.diversity5.betweenness3,1.932806573
362,all.degree3.peel3.pagerank3.diversity4.betweenness3,0.693147181
363,all.degree3.peel3.pagerank3.diversity4.betweenness3,0.693147181
366,all.degree5.peel3.pagerank4.diversity2,1.655707776
368,all.degree5.peel4.pagerank2.diversity4,1.68185408
369,all.degree3.peel3.pagerank3.diversity4.betweenness3,0.693147181
370,all.degree3.peel3.pagerank4.diversity4.betweenness3,0.693147181
373,all.degree3.peel4.pagerank6.diversity4.betweenness3,1.33217904
374,all.degree3.peel3.pagerank4.diversity4.betweenness3,0.693147181
375,all.degree3.peel4.pagerank3.diversity5.betweenness3,1.386294361
376,all.degree3.peel4.pagerank3.diversity4.betweenness3,1.098612289
377,all.degree3.peel3.pagerank3.diversity4.betweenness3,0.693147181
378,all.degree3.peel5.pagerank3.diversity4.betweenness3,1.351783994
381,all.degree4.peel5.pagerank4.diversity3,1.506883349
382,all.degree3.peel4.pagerank3.diversity4.betweenness3,1.098612289
383,all.degree3.peel5.pagerank4.diversity4.betweenness3,1.33217904
384,all.degree3.peel3.pagerank4.diversity4.betweenness3,0.693147181
386,all.degree3.peel3.pagerank3.diversity4.betweenness3,0.693147181
387,all.degree3.peel3.pagerank3.diversity4.betweenness3,0.693147181
392,all.degree3.peel4.pagerank3.diversity4.betweenness3,1.039720771
393,all.degree4.peel4.pagerank4.diversity3.betweenness5,1.234267866
395,all.degree3.peel5.pagerank4.diversity4.betweenness5,1.329661349
397,all.degree3.peel3.pagerank3.diversity4.betweenness3,0.693147181
398,all.degree3.peel4.pagerank4.diversity4.betweenness3,1.33217904
399,all.degree4.peel3.pagerank5.diversity4.betweenness3,1.859428815
400,all.degree3.peel6.pagerank4.diversity3.betweenness3,0.955699891
402,all.degree3.peel5.pagerank5.diversity2.betweenness4,0.500402424
403,all.degree3.peel4.pagerank3.diversity4.betweenness3,1.098612289
404,all.degree3.peel3.pagerank3.diversity4.betweenness3,0.693147181
406,all.degree3.peel3.pagerank6.diversity4.betweenness3,1.039720771
408,all.degree3.peel6.pagerank4.diversity5,1.549826046
409,all.degree3.peel5.pagerank6.diversity4.betweenness3,1.560710409
411,all.degree5.peel5.pagerank3,1.558057246
413,all.degree4.peel1,1.255482325
414,all.degree4.peel3.pagerank3.diversity5.betweenness3,1.893788232
415,all.degree3.peel5.pagerank3.diversity4.betweenness3,1.33217904
416,all.degree3.peel2.pagerank6.diversity4.betweenness2.betweenness3,0.693147181
419,all.degree5.peel4.pagerank5.diversity3,1.957615479
421,all.degree3.peel5.pagerank3.diversity3.betweenness3,0.950270539
422,all.degree3.peel5.pagerank3.diversity4.betweenness3,1.33217904
423,all.degree3.peel4.pagerank3.diversity5.betweenness3,1.386294361
425,all.degree3.peel3.pagerank3.diversity4.betweenness3,0.693147181
426,all.degree5.peel4.pagerank4.diversity2,1.710642901
428,all.degree5.peel4.pagerank3.diversity5.betweenness3,1.893275591
430,all.degree3.peel5.pagerank3.diversity3.betweenness4,0.950270539
431,all.degree3.peel5.pagerank3.diversity3.betweenness3,1.054920168
432,all.degree3.peel5.pagerank3.diversity4.betweenness6,1.242453325
434,all.degree3.peel3.pagerank3.diversity4.betweenness3,0.693147181
435,all.degree3.peel3.pagerank3.diversity4.betweenness3,0.693147181
437,all.degree3.peel4.pagerank4.diversity3.betweenness3,1.039720771
439,all.degree6.peel2.pagerank3.diversity3,1.931601912
440,all.degree4.peel4.pagerank2.diversity2.betweenness4,0.683738906
442,all.degree5.peel4.pagerank5.diversity4,1.995750869
444,all.degree4.peel4.pagerank2.diversity5.betweenness4,1.427061043
445,all.degree3.peel3.pagerank3.diversity4.betweenness3,0.693147181
447,all.degree3.peel3.pagerank3.diversity4.betweenness3,0.693147181
449,all.degree4.peel3.pagerank2.diversity2,1.073542846
450,all.degree3.peel3.pagerank3.diversity4.betweenness3,0.693147181
451,all.degree3.peel3.pagerank3.diversity4.betweenness4,0.693147181
453,all.degree3.peel4.pagerank3.diversity2,0.636514168
454,all.degree3.peel3.pagerank3.diversity4.betweenness3,0.693147181
456,all.degree4.peel3.pagerank3.diversity3.betweenness5,1.494175138
460,all.degree4.peel4.pagerank5.diversity4.betweenness2,1.414279065
461,all.degree3.peel5.pagerank4.diversity3.betweenness3,1.039720771
462,all.degree3.peel3.pagerank5.diversity4.betweenness4,1.039720771
464,all.degree5.peel3.pagerank4.diversity5,2.088091943
465,all.degree3.peel3.pagerank4.diversity4.betweenness3,0.693147181
467,all.degree3.peel4.pagerank5.diversity3.betweenness3,1.054920168
468,all.degree3.peel5.pagerank5.diversity4.betweenness5,1.242453325
469,all.degree3.peel4.pagerank4.diversity5.betweenness5,1.386294361
470,all.degree3.peel3.pagerank3.diversity4.betweenness3,0.693147181
472,all.degree5.peel4.pagerank3.diversity3.betweenness3,1.153741943
473,all.degree3.peel3.pagerank3.diversity4.betweenness3,0.693147181
474,all.degree3.peel4.pagerank4.diversity4.betweenness3,1.33217904
475,all.degree3.peel3.pagerank5.diversity4.betweenness4,1.098612289
476,all.degree3.peel5.pagerank4.diversity3.betweenness3,1.011404265
477,all.degree4.peel4.pagerank3.diversity3.betweenness4,1.002718265
478,all.degree3.peel4.pagerank4.diversity2.betweenness1.betweenness2.betweenness3.betweenness4.betweenness5.betweenness6,0.636514168
480,all.degree3.peel3.pagerank5.diversity4.betweenness4,1.098612289
481,all.degree3.peel5.pagerank3.diversity4.betweenness3,1.386294361
482,all.degree3.peel5.pagerank5.diversity5.betweenness4,1.609437912
484,all.degree4.peel5.pagerank3.diversity2,1.033562054
487,all.degree3.peel3.pagerank4.diversity4.betweenness3,0.693147181
488,all.degree3.peel3.pagerank3.diversity4.betweenness3,0.693147181
489,all.degree3.peel5.pagerank3.diversity2.betweenness4,0.562335145
490,all.degree4.peel3.pagerank3.diversity4.betweenness2,1.522955068
493,all.degree3.peel3.pagerank4.diversity4.betweenness3,0.693147181
494,all.degree3.peel5.pagerank4.diversity4.betweenness3,1.33217904
497,all.degree3.peel3.pagerank3.diversity4.betweenness3,0.693147181
498,all.degree3.peel4.pagerank3.diversity4.betweenness3,1.098612289
499,all.degree5.peel4.pagerank4.diversity3,1.790313567
501,all.degree4.peel3.pagerank3.diversity4.betweenness3,1.732867951
502,all.degree3.peel4.pagerank3.diversity2.betweenness3,0.636514168
503,all.degree3.peel4.pagerank4.diversity4.betweenness5,1.242453325
504,all.degree3.peel6.pagerank4.diversity4.betweenness3,1.475076311
505,all.degree3.peel4.pagerank4.diversity5.betweenness3,1.386294361
506,all.degree3.peel4.pagerank5.diversity3.betweenness3,1.039720771
507,all.degree3.peel2.pagerank6.diversity4.betweenness2.betweenness3,0.693147181
508,all.degree3.peel5.pagerank4.diversity3.betweenness3,1.039720771
509,all.degree3.peel5.pagerank6.diversity2,1.329661349
510,all.degree5.peel4.pagerank3.diversity5.betweenness4,1.941927724
511,all.degree3.peel3.pagerank5.diversity4.betweenness4,1.098612289
513,all.degree4.peel4.pagerank2.diversity3.betweenness4,0.848685558
514,all.degree3.peel3.pagerank3.diversity4.betweenness3,0.693147181
515,all.degree3.peel3.pagerank3.diversity4.betweenness3,0.693147181
516,all.degree4.peel4.pagerank2.diversity4.betweenness3,1.279854226
517,all.degree3.peel4.pagerank3.diversity4.betweenness3,1.098612289
518,all.degree4.peel4.pagerank3.diversity4.betweenness3,1.522955068
519,all.degree4.peel5.pagerank4.diversity4.betweenness3,1.873510521
520,all.degree4.peel3.pagerank3.diversity5.betweenness3,2.019814992
522,all.degree3.peel3.pagerank5.diversity3.betweenness3,0.636514168
523,all.degree4.peel4.pagerank3.diversity3.betweenness3,1.159588814
525,all.degree3.peel5.pagerank2.diversity4.betweenness4,1.039720771
526,all.degree4.peel3.pagerank3.diversity3.betweenness3,1.470808476
528,all.degree3.peel3.pagerank3.diversity4.betweenness3,0.693147181
529,all.degree3.peel3.pagerank3.diversity4.betweenness3,0.693147181
530,all.degree3.peel5.pagerank3.diversity2.betweenness3,0.562335145
531,all.degree3.peel5,0.682908105
534,all.degree3.peel4.pagerank3.diversity4.betweenness3,1.039720771
535,all.degree3.peel6.pagerank3.diversity4.betweenness5,1.329661349
536,all.degree3.peel5.pagerank5.diversity4.betweenness3,1.475076311
537,all.degree3.peel3.pagerank3.diversity4.betweenness3,0.693147181
538,all,1.984776869
539,all.degree3.peel3.pagerank3.diversity4.betweenness3,0.693147181
540,all.degree3.peel4.pagerank3.diversity4.betweenness4,1.039720771
541,all.degree4.peel3.pagerank4.diversity4.betweenness4,1.666332585
542,all.degree4.peel6.pagerank3.diversity4.betweenness4,0.89820534
543,all.degree3.peel5.pagerank2.diversity4.betweenness5,1.039720771
544,all.degree3.peel4.pagerank3.diversity4.betweenness3,1.098612289
548,all.degree3.peel3.pagerank4.diversity4.betweenness3,0.693147181
550,all.degree3.peel2.pagerank5.diversity5.betweenness2.betweenness3,0.693147181
551,all.degree3.peel3.pagerank4.diversity4.betweenness3,0.693147181
552,all.degree5.peel5.pagerank4,1.591968682
553,all.degree3.peel5.pagerank3.diversity3.betweenness3,1.039720771
554,all.degree3.peel5.pagerank5.diversity3.betweenness3,1.011404265
555,all.degree4.peel4.pagerank5.diversity3.betweenness3,1.244016696
556,all.degree3.peel4.pagerank4.diversity2.betweenness1.betweenness2.betweenness3.betweenness4.betweenness5.betweenness6,0.636514168
557,all.degree3.peel4.pagerank3.diversity4.betweenness3,1.098612289
558,all.degree3.peel4.pagerank5.diversity4.betweenness3,1.33217904
559,all.degree4.peel3.pagerank5.diversity3,1.673118363
560,all.degree3.peel5.pagerank5.diversity4.betweenness3,1.277034259
562,all.degree3.peel5.pagerank3.diversity3.betweenness3,0.950270539
564,all.degree4.peel3,1.721954449
565,all.degree3.peel3.pagerank3.diversity4.betweenness3,0.693147181
567,all.degree4.peel5.pagerank3.diversity4.betweenness4,1.719477814
568,all.degree4.peel6.pagerank4,0.690185676
570,all.degree4.peel4.pagerank3.diversity2.betweenness3,0.801818553
572,all.degree3.peel3.pagerank3.diversity4.betweenness3,0.693147181
573,all.degree5.peel3.pagerank4.diversity4.betweenness4,2.002058727
574,all.degree4.peel3.pagerank3.diversity5.betweenness5,2.031759219
575,all.degree3.peel5.pagerank3.diversity4.betweenness3,1.242453325
576,all.degree4.peel3.pagerank4.diversity2,1.294545166
580,all.degree3.peel3.pagerank4.diversity4.betweenness3,0.636514168
581,all.degree3.peel2.pagerank5.diversity5.betweenness2.betweenness3,0.693147181
582,all.degree3.peel3.pagerank5.diversity3.betweenness5,0.636514168
583,all.degree3.peel3.pagerank3.diversity4.betweenness3,0.693147181
584,all.degree6.peel4.pagerank5.diversity3,1.877240061
585,all.degree3.peel2.pagerank5.diversity5.betweenness2.betweenness3,0.693147181
586,all.degree3.peel5.pagerank4.diversity4.betweenness3,1.33217904
587,all.degree3.peel3.pagerank3.diversity4,0.693147181
588,all.degree4.peel4.pagerank5.diversity5,2.0330002
591,all.degree3.peel3.pagerank3.diversity4.betweenness3,0.693147181
592,all.degree3.peel3.pagerank4.diversity4.betweenness3,0.693147181
594,all.degree3.peel2.pagerank6.diversity4.betweenness2.betweenness3,0.693147181
595,all.degree3.peel3.pagerank3.diversity4.betweenness3,0.693147181
596,all.degree4.peel4.pagerank3.diversity4.betweenness3,1.676234939
597,all.degree3.peel3.pagerank3.diversity4.betweenness3,0.693147181
598,all.degree4.peel5.pagerank6,1.466907105
599,all.degree3.peel4.pagerank3.diversity2.betweenness4,0.636514168
600,all,2.380112478
601,all.degree5.peel3.pagerank2.diversity4,1.877524281
602,all,2.104875124
603,all.degree3.peel5.pagerank2.diversity5.betweenness3,1.386294361
604,all.degree3.peel5.pagerank3.diversity5.betweenness4,1.549826046
605,all.degree3.peel4.pagerank3.diversity4.betweenness3,1.098612289
607,all.degree5.peel4.pagerank4.diversity4.betweenness5,2.051787046
608,all.degree3.peel4.pagerank6.diversity3,1.004242473
609,all.degree3.peel3.pagerank4.diversity4.betweenness3,0.693147181
610,all.degree3.peel3.pagerank3.diversity4.betweenness3,0.693147181
612,all.degree3.peel3.pagerank3.diversity4.betweenness3,0.693147181
613,all.degree4.peel3.pagerank3.diversity3.betweenness3,1.213007566
615,all.degree3.peel3.pagerank3.diversity4.betweenness3,0.693147181
617,all.degree5.peel4.pagerank4.diversity4.betweenness3,1.98950834
619,all.degree4.peel2.pagerank3.diversity4.betweenness3,1.522955068
620,all.degree3.peel3.pagerank3.diversity4.betweenness3,0.693147181
622,all.degree3.peel5.pagerank3.diversity3.betweenness3,1.054920168
624,all.degree3.peel5.pagerank3.diversity5.betweenness3,1.609437912
627,all.degree3.peel5.pagerank3.diversity2.betweenness3,0.562335145
628,all.degree4.peel3.pagerank3.diversity4.betweenness4,1.704551445
629,all.degree3.peel5.pagerank5.diversity5.betweenness3,1.609437912
630,all.degree3.peel3.pagerank4.diversity4.betweenness3,0.693147181
631,all.degree6.peel2.pagerank5,1.958122578
632,all.degree6.peel4.pagerank3.diversity3,1.849112878
633,all,2.323459966
635,all.degree4.peel3.pagerank4.diversity5.betweenness3,1.844621476
637,all.degree3.peel3.pagerank3.diversity4.betweenness3,0.693147181
638,all.degree3.peel4.pagerank4.diversity2.betweenness1.betweenness2.betweenness3.betweenness4.betweenness5.betweenness6,0.636514168
640,all.degree4.peel3.pagerank6,1.909660422
641,all.degree3.peel3.pagerank3.diversity4.betweenness3,0.693147181
643,all.degree3.peel3.pagerank3.diversity4.betweenness4,0.693147181
644,all.degree4.peel3.pagerank4.diversity3.betweenness4,1.524707393
645,all.degree3.peel5.pagerank6.diversity4.betweenness4,1.549826046
646,all.degree3.peel5.pagerank4.diversity3.betweenness3,1.011404265
647,all.degree3.peel5.pagerank2.diversity3.betweenness3,0.562335145
648,all.degree4.peel3.pagerank3.diversity5.betweenness4,1.884871334
653,all.degree3.peel4.pagerank3.diversity5.betweenness3,1.386294361
655,all.degree4.peel4.pagerank4.diversity3.betweenness3,1.075139324
656,all.degree3.peel5.pagerank4.diversity4.betweenness5,1.33217904
657,all.degree3.peel5.pagerank4.diversity2.betweenness5,0.636514168
658,all.degree3.peel2.pagerank6.diversity4.betweenness2.betweenness3,0.693147181
661,all.degree3.peel5.pagerank4.diversity4.betweenness3,1.329661349
662,all.degree3.peel5.pagerank3.diversity3.betweenness3,1.011404265
663,all.degree3.peel5.pagerank4.diversity4.betweenness5,1.242453325
664,all.degree3.peel3.pagerank4.diversity5.betweenness3,1.098612289
665,all.degree3.peel5.pagerank3.diversity4.betweenness3,1.386294361
666,all.degree3.peel5.pagerank2.diversity3.betweenness5,0.562335145
667,all,2.399455178
668,all.degree3.peel4.pagerank3.diversity4.betweenness3,1.098612289
671,all.degree3.peel5.pagerank3.diversity4.betweenness3,1.33217904
672,all.degree3.peel3.pagerank3.diversity4.betweenness3,0.693147181
673,all.degree3.peel4.pagerank3.diversity4.betweenness3,1.039720771
674,all.degree3.peel3.pagerank4.diversity5.betweenness2,1.098612289
675,all.degree4.peel3.pagerank3.diversity2.betweenness3,1.073542846
676,all.degree3.peel4.pagerank3.diversity4.betweenness3,1.098612289
677,all.degree3.peel5.pagerank3.diversity4.betweenness6,1.329661349
678,all.degree3.peel3.pagerank3.diversity4.betweenness3,0.693147181
679,all.degree3.peel5.pagerank4.diversity3.betweenness3,0.950270539
680,all.degree3.peel4.pagerank3.diversity4.betweenness3,1.098612289
681,all.degree3.peel3.pagerank4.diversity4.betweenness3,0.693147181
682,all.degree3.peel5.pagerank3.diversity2.betweenness3,0.500402424
683,all.degree3.peel5.pagerank3.diversity3.betweenness3,1.039720771
684,all.degree4.peel4.pagerank3.diversity4.betweenness3,1.676234939
686,all.degree3.peel3.pagerank3.diversity4.betweenness3,0.693147181
687,all.degree3.peel5.pagerank3.diversity4.betweenness4,1.242453325
688,all.degree3.peel6.pagerank3.diversity5,1.475076311
689,all.degree3.peel6.pagerank2.diversity5,1.560710409
691,all.degree4.peel2.pagerank3.diversity1,1.073542846
692,all.degree3.peel3.pagerank3.diversity4.betweenness3,0.693147181
693,all.degree3.peel3.pagerank6.diversity4.betweenness4,1.098612289
695,all.degree3.peel3.pagerank3.diversity4.betweenness3,0.693147181
696,all,2.307204332
698,all.degree4.peel2.pagerank3.diversity5.betweenness3,1.676987774
699,all.degree4.peel3.pagerank4.diversity3.betweenness3,1.58109375
701,all.degree3.peel5.pagerank3.diversity2.betweenness3,0.693147181
702,all.degree3.peel5.pagerank3.diversity3.betweenness3,1.039720771
706,all.degree3.peel5.pagerank3.diversity3.betweenness3,1.039720771
708,all.degree4.peel3.pagerank3.diversity4.betweenness3,1.58109375
709,all.degree3.peel5.pagerank3.diversity4.betweenness3,1.153741943
710,all.degree6.peel4.pagerank3.diversity4,1.946915338
712,all.degree3.peel4.pagerank3.diversity4.betweenness3,1.098612289
715,all.degree4.peel3.pagerank5.diversity4.betweenness3,1.767009191
716,all.degree3.peel3.pagerank3.diversity4.betweenness4,0.636514168
717,all.degree3.peel3.pagerank3.diversity4.betweenness3,0.693147181
722,all.degree3.peel3.pagerank3.diversity4.betweenness4,0.693147181
723,all.degree3.peel4.pagerank3.diversity4.betweenness3,1.098612289
724,all.degree3.peel4.pagerank3.diversity4,1.098612289
725,all.degree4.peel2.pagerank3.diversity5.betweenness4,1.676987774
726,all,2.466368473
727,all.degree3.peel5.pagerank3.diversity2.betweenness3,0.562335145
728,all.degree3.peel4.pagerank3.diversity5.betweenness4,1.33217904
729,all,2.026165337
733,all.degree3.peel4.pagerank5.diversity3.betweenness3,1.039720771
735,all.degree3.peel3.pagerank3.diversity4.betweenness3,0.693147181
736,all.degree3.peel4.pagerank3.diversity2.betweenness3,0.636514168
737,all.degree4.peel3.pagerank4.diversity3.betweenness4,1.522955068
738,all.degree3.peel4,1.242453325
739,all.degree3.peel5.pagerank3.diversity5.betweenness3,1.560710409
740,all.degree4.peel3.pagerank3.diversity3.betweenness3,1.33217904
742,all.degree6.peel4.pagerank4.diversity3,1.876820905
743,all.degree3.peel5.pagerank3.diversity2.betweenness3,0.500402424
744,all.degree5.peel1.pagerank4,1.856036234
745,all.degree3.peel3.pagerank4.diversity4.betweenness3,0.693147181
746,all.degree4.peel4.pagerank4.diversity5.betweenness3,1.809514256
748,all.degree3.peel4.pagerank3.diversity2.betweenness3,0.636514168
749,all.degree3.peel3.pagerank5.diversity3.betweenness3,0.693147181
751,all.degree4.peel5.pagerank4.diversity4.betweenness5,1.986266518
752,all.degree3.peel4.pagerank4.diversity2.betweenness1.betweenness2.betweenness3.betweenness4.betweenness5.betweenness6,0.636514168
753,all.degree4.peel3.pagerank3.diversity3.betweenness3,1.320888343
754,all.degree3.peel5.pagerank3.diversity4.betweenness3,1.33217904
755,all.degree3.peel2,0.693147181
756,all.degree3.peel5.pagerank4.diversity4.betweenness5,1.33217904
758,all.degree3.peel3,0.636514168
759,all.degree3.peel5.pagerank3.diversity3.betweenness3,1.039720771
760,all.degree3.peel5.pagerank3.diversity3.betweenness3,0.950270539
761,all.degree4.peel3.pagerank2.diversity4.betweenness3,1.255482325
762,all.degree3.peel5.pagerank4.diversity5.betweenness4,1.747868097
763,all.degree3.peel3.pagerank3.diversity4.betweenness3,0.693147181
764,all.degree3.peel4.pagerank6.diversity4.betweenness3,1.609437912
765,all.degree3.peel3.pagerank3.diversity4.betweenness3,0.693147181
769,all.degree4.peel3.pagerank2.diversity3,1.213007566
770,all.degree3.peel3.pagerank6.diversity5,1.386294361
772,all.degree3.peel5.pagerank3.diversity5.betweenness3,1.560710409
773,all.degree3.peel3.pagerank3.diversity4.betweenness3,0.693147181
775,all.degree3.peel5.pagerank2.diversity4.betweenness3,1.33217904
777,all.degree3.peel4.pagerank4.diversity3.betweenness3,1.039720771
778,all.degree3.peel4.pagerank3.diversity4.betweenness6,1.039720771
781,all.degree4.peel4.pagerank4.diversity5.betweenness4,1.905420043
783,all.degree3.peel3.pagerank5.diversity4.betweenness1,1.098612289
784,all.degree3.peel3.pagerank4.diversity4.betweenness3,0.693147181
785,all.degree3.peel6.pagerank5,0.955699891
786,all.degree3.peel4.pagerank3.diversity4.betweenness3,1.098612289
787,all.degree3.peel4.pagerank5.diversity4.betweenness3,1.33217904
788,all.degree4.peel3.pagerank5.diversity4.betweenness3,1.73265872
789,all.degree4.peel2.pagerank3.diversity4.betweenness3,1.494175138
790,all.degree4.peel4.pagerank3.diversity5.betweenness4,1.875121856
795,all.degree3.peel5.pagerank2.diversity5.betweenness3,1.386294361
